Title,Total Page Views
Seeing What Farmers Can’t: Taiwanese AI System Brings Underwater...,2618
What Makes Skin “Healthy”? A Taiwanese Researcher Works to Put Numbers...,1566
Taiwanese Researchers Design Bone-Compatible Metals That Reduce Implant...,2178
From Harsh Environments to the Field: Taiwan Develops a Practical...,3120
Taiwanese Researchers Develop Gentle Afterglow Plasma Device to Improve...,2486
Taiwan Research Uses Deep Ocean Water to Enhance Fermentation for Future...,2360
How Taiwan Is Reclaiming Its Wine Identity—Through Climate-Adaptive...,3380
Taiwan Professor Helps Transport and City Communities Treat Vehicle Data as...,2564
Taiwan Researchers Develop Fluorescent Imaging That Could Make Tumor-Guided...,2427
"Taiwanese Researchers Develop a Faster, Non-Genetically Modified Way to...",3245
A Silicon Photonic Chip That Helps Drones Know Which Way They’re Turning...,3202
Switching Immunotherapy On Only Where It Matters: A Smarter Path to Safer...,3198
How Hospitals Can Use AI Without Exposing Patient Data,4370
"When Materials Move with the Body: A Stretchable Platform for Sensing,...",4643
